brand;model;network_technology;2G_bands;3G_bands;4G_bands;network_speed;GPRS;EDGE;announced;status;dimentions;weight_g;weight_oz;SIM;display_type;display_resolution;display_size;OS;CPU;Chipset;GPU;memory_card;internal_memory;RAM;primary_camera;secondary_camera;loud_speaker;audio_jack;WLAN;bluetooth;GPS;NFC;radio;USB;sensors;battery;colors;approx_price_EUR;img_url
Acer;Iconia Talk S;GSM / HSPA / LTE;GSM 850 / 900 / 1800 / 1900 - SIM 1 & SIM 2;HSDPA 850 / 1900 / 2100 ;LTE band 1(2100)| 3(1800)| 7(2600)| 8(900)| 20(800);HSPA 42.2/11.5 Mbps  LTE Cat4 150/50 Mbps;Yes;Yes;2016  August;Available. Released 2016  October;191.7 x 101 x 9.4 mm (7.55 x 3.98 x 0.37 in);260;9.17;Dual SIM (Micro-SIM/Nano-SIM);IPS LCD capacitive touchscreen  16M colors;7.0 inches (~69.8% screen-to-body ratio);720 x 1280 pixels (~210 ppi pixel density);Android 6.0 (Marshmallow);Quad-core 1.3 GHz Cortex-A53;Mediatek MT8735;Mali-T720MP2;microSD  up to 128 GB (dedicated slot);16/32 GB;2 GB RAM;13 MP| autofocus;2 MP| 720p;Yes;Yes;Wi-Fi 802.11 a/b/g/n| Wi-Fi Direct| hotspot;4.0| A2DP;Yes with A-GPS GLONASS;;FM radio;microUSB 2.0;Accelerometer| proximity;Non-removable Li-Ion 3400 mAh battery (12.92 Wh);Black;170;http://cdn2.gsmarena.com/vv/bigpic/acer-iconia-talk-s.jpg
Acer;Liquid Z6 Plus;GSM / HSPA / LTE;GSM 850 / 900 / 1800 / 1900 - SIM 1 & SIM 2 (dual-SIM model only); HSDPA; LTE;HSPA 42.2/5.76 Mbps  LTE Cat4 150/50 Mbps;Yes;Yes;2016  August;Available. Released 2016  December;153.8 x 75.6 x 8.5 mm (6.06 x 2.98 x 0.33 in);169;5.96;Single SIM (Micro-SIM) or Dual SIM (Micro-SIM| dual stand-by);IPS LCD capacitive touchscreen  16M colors;5.5 inches (~71.7% screen-to-body ratio);1080 x 1920 pixels (~401 ppi pixel density);Android 6.0 (Marshmallow);Octa-core 1.3 GHz Cortex-A53;Mediatek MT6753;Mali-T720MP3;microSD  up to 256 GB (uses SIM 2 slot);32 GB;3 GB RAM;13 MP| autofocus| LED flash;5 MP;Yes;Yes;Wi-Fi 802.11 b/g/n| Wi-Fi Direct| hotspot;4.0| A2DP;Yes with A-GPS;;FM radio;microUSB 2.0;Fingerprint (front-mounted)| accelerometer| proximity;Removable Li-Po 4080 mAh battery;Black| White;250;http://cdn2.gsmarena.com/vv/bigpic/acer-liquid-z6-plus.jpg
Acer;Liquid Z6;GSM / HSPA / LTE;GSM 850 / 900 / 1800 / 1900 - SIM 1 & SIM 2 (dual-SIM model only); HSDPA; LTE;HSPA  LTE;Yes;Yes;2016  August;Available. Released 2016  December;-;;;Single SIM (Micro-SIM) or Dual SIM (Micro-SIM| dual stand-by);IPS LCD capacitive touchscreen  16M colors;5.0 inches;720 x 1280 pixels (~294 ppi pixel density);Android 6.0 (Marshmallow);Quad-core 1.25 GHz Cortex-A53;Mediatek MT6737;Mali-T720MP2;microSD  up to 256 GB;8 GB;1 GB RAM;8 MP| autofocus| LED flash;2 MP;Yes;Yes;Yes;Yes;Yes with A-GPS;;FM radio;microUSB 2.0;Accelerometer| proximity;Removable Li-Ion 2000 mAh battery;Black| White;120;http://cdn2.gsmarena.com/vv/bigpic/acer-liquid-z6.jpg
Acer;Iconia Tab 10 A3-A40;No cellular connectivity; N/A;;;;No;No;2016  April;Available. Released 2016  June;259 x 167 x 8.9 mm (10.20 x 6.57 x 0.35 in);;;No;IPS LCD capacitive touchscreen  16M colors;10.1 inches (~68.4% screen-to-body ratio);1920 x 1200 pixels (~224 ppi pixel density);Android 6.0 (Marshmallow);Quad-core 1.3 GHz Cortex-A53;Mediatek MT8163A;Mali-T720 MP2;microSD  up to 256 GB (dedicated slot);16/32/64 GB;2 GB RAM;5 MP;2 MP;Yes with stereo speakers (4 speakers);Yes;Wi-Fi 802.11 a/b/g/n/ac| dual-band| hotspot;Yes;;;No;microUSB 2.0;Accelerometer;Non-removable Li-Ion battery;Black;230;http://cdn2.gsmarena.com/vv/bigpic/acer-iconia-tab-10-a3-a40.jpg
Acer;Liquid X2;GSM / HSPA / LTE;GSM 850 / 900 / 1800 / 1900 ;HSDPA 900 / 1900 / 2100 - Europe| Taiwan; LTE 800 / 1800 / 2100 / 2600 - Europe;HSPA 42.2/5.76 Mbps  LTE Cat4 150/50 Mbps;Yes;Yes;2015  April;Available. Released 2016  February;153.3 x 78.8 x 8.5 mm (6.04 x 3.10 x 0.33 in);166;5.86;Triple SIM (Micro-SIM);IPS LCD capacitive touchscreen  16M colors;5.5 inches (~69.0% screen-to-body ratio);720 x 1280 pixels (~267 ppi pixel density);Android 5.1 (Lollipop);Octa-core 1.3 GHz Cortex-A53;Mediatek MT6753;Mali-T720MP4;microSD  up to 32 GB (dedicated slot);32 GB;3 GB RAM;13 MP| f/1.8| autofocus| LED flash| ;13 MP| f/1.8| autofocus| LED flash;Yes;Yes;Wi-Fi 802.11 b/g/n| hotspot;4.0| A2DP| LE;Yes with A-GPS;;FM radio;microUSB 2.0;Accelerometer| proximity| compass;Removable Li-Po 4020 mAh battery;Black| Gold;230;http://cdn2.gsmarena.com/vv/bigpic/acer-liquid-x2-1.jpg
Acer;Liquid Jade 2;GSM / HSPA / LTE;GSM 850 / 900 / 1800 / 1900 - SIM 1 & SIM 2;HSDPA 900 / 2100 ; LTE;HSPA 42.2/5.76 Mbps  LTE Cat4 150/50 Mbps;Yes;Yes;2016  February;Available;-;;;Dual SIM (Nano-SIM| dual stand-by);Super AMOLED capacitive touchscreen  16M colors;5.5 inches;1080 x 1920 pixels (~401 ppi pixel density);Android 6.0 (Marshmallow);Hexa-core (4x1.4 GHz Cortex-A53 & 2x1.8 GHz Cortex-A57);Qualcomm MSM8992 Snapdragon 808;;microSD  up to 256 GB;32 GB;3 GB RAM;21 MP| autofocus| dual-LED flash;8 MP;Yes;Yes;Wi-Fi 802.11 a/b/g/n/ac| dual-band| Wi-Fi Direct| hotspot;4.0| A2DP| LE;Yes with A-GPS;;FM radio;microUSB 2.0;Accelerometer| gyro| proximity| compass;;Black;;http://cdn2.gsmarena.com/vv/bigpic/acer-liquid-jade-2.jpg
Acer;Liquid Zest Plus;GSM / HSPA / LTE;GSM 850 / 900 / 1800 / 1900 - SIM 1 & SIM 2 (dual-SIM model only); HSDPA; LTE;HSPA  LTE;Yes;Yes;2016  April;Available. Released 2016  July;154 x 77 x 10 mm (6.06 x 3.03 x 0.39 in);;;Single SIM (Micro-SIM) or Dual SIM (Micro-SIM| dual stand-by);IPS LCD capacitive touchscreen  16M colors;5.5 inches (~70.3% screen-to-body ratio);720 x 1280 pixels (~267 ppi pixel density);Android 6.0 (Marshmallow);Quad-core 1.3 GHz Cortex-A53;Mediatek MT6735;Mali-T720MP2;microSD (dedicated slot);16 GB;2 GB RAM;13 MP| phase detection/laser autofocus| LED flash;5 MP;Yes;Yes;Yes;Yes;Yes with A-GPS;;FM radio;microUSB 2.0;Accelerometer| proximity| compass;Non-removable Li-Ion 5000 mAh battery;Blue| White;200;http://cdn2.gsmarena.com/vv/bigpic/acer-liquid-zest-plus-z628.jpg
Acer;Liquid Zest;GSM / HSPA / LTE;GSM 850 / 900 / 1800 / 1900 - SIM 1 & SIM 2 (dual-SIM model only);HSDPA 850 / 900 / 1900 / 2100 ; LTE;HSPA  LTE Cat4 150/50 Mbps;Yes;Yes;2016  February;Available. Released 2016  April;145.7 x 71.2 x 8.4 mm (5.74 x 2.80 x 0.33 in);125;4.41;Single SIM (Micro-SIM) or Dual SIM (Micro-SIM| dual stand-by);IPS LCD capacitive touchscreen  16M colors;5.0 inches (~66.4% screen-to-body ratio);720 x 1280 pixels (~294 ppi pixel density);Android 6.0 (Marshmallow);Quad-core 1.3 GHz - Z525;Mediatek MT6580 - Z525;Mali-400MP2 - Z525;microSD  up to 32 GB (dedicated slot);8 GB;1 GB RAM;8 MP| f/2.0| autofocus| LED flash;5 MP;Yes;Yes;Yes;4.0| A2DP;Yes with A-GPS;;FM radio;microUSB 2.0;Accelerometer| proximity| compass;Removable Li-Ion 2000 mAh battery;Black| White;110;http://cdn2.gsmarena.com/vv/bigpic/acer-zest.jpg
Acer;Predator 8;No cellular connectivity; N/A;;;;No;No;2015  September;Available. Released 2015  November;217.9 x 127 x 8.6 mm (8.58 x 5.0 x 0.34 in);353.8;12.49;No;IPS LCD capacitive touchscreen  16M colors;8.0 inches (~67.1% screen-to-body ratio);1920 x 1200 pixels (~283 ppi pixel density);Android 5.0 (Lollipop);Quad-core 1.6 GHz;Intel Atom x7-Z8700;;microSD  up to 256 GB (dedicated slot);32/64 GB;2 GB RAM;5 MP;2 MP;Yes with stereo speakers (4 speakers);Yes;Wi-Fi 802.11 a/b/g/n;4.0| A2DP| LE;;;No;microUSB 2.0;Yes;Non-removable Li-Po 4420 mAh battery;Black/Silver;350;http://cdn2.gsmarena.com/vv/bigpic/acer-predator-8.jpg
Acer;Liquid Jade Primo;GSM / HSPA / LTE;GSM 850 / 900 / 1800 / 1900 - SIM 1 & SIM 2;HSDPA 850 / 900 / 1900 / 2100 - Europe/ Taiwan; LTE 800 / 1800 / 2100 / 2600 - Europe;HSPA 42.2/5.76 Mbps  LTE-A (2CA) Cat6 300/50 Mbps;Yes;Yes;2015  September;Available. Released 2016  April;156.5 x 75.9 x 8.4 mm (6.16 x 2.99 x 0.33 in);150;5.29;Dual SIM (Nano-SIM| dual stand-by);AMOLED capacitive touchscreen  16M colors;5.5 inches (~70.2% screen-to-body ratio);1080 x 1920 pixels (~401 ppi pixel density);Microsoft Windows 10;Hexa-core (4x1.4 GHz Cortex-A53 & 2x1.8 GHz Cortex-A57);Qualcomm MSM8992 Snapdragon 808;Adreno 418;microSD  up to 256 GB (uses SIM 2 slot);32 GB;3 GB RAM;21 MP| f/2.2| autofocus| dual-LED flash| ;8 MP| f/2.2| 1080p@30fps;Yes;Yes;Wi-Fi 802.11 a/b/g/n/ac| dual-band| WiFi Direct| hotspot;4.0| A2DP| LE| EDR;Yes with A-GPS;;FM radio;3.1| Type-C 1.0 reversible connector;Accelerometer| gyro| proximity| compass;Non-removable Li-Po 2870 mAh battery;Black;220;http://cdn2.gsmarena.com/vv/bigpic/acer-liquid-jade-primo-.jpg
Acer;Liquid Z330;GSM / HSPA / LTE;GSM 850 / 900 / 1800 / 1900 - SIM 1 & SIM 2 (dual-SIM model only); HSDPA; LTE;HSPA  LTE;Yes;Yes;2015  September;Available. Released 2015  October;136 x 66.5 x 9.6 mm (5.35 x 2.62 x 0.38 in);142;5.01;Single SIM (Micro-SIM) or Dual SIM (Micro-SIM| dual stand-by);IPS LCD capacitive touchscreen  16M colors;4.5 inches (~61.7% screen-to-body ratio);480 x 854 pixels (~218 ppi pixel density);Android 5.1 (Lollipop);Quad-core 1.1 GHz Cortex-A7;Qualcomm MSM8909 Snapdragon 210;Adreno 304;microSD (dedicated slot);8 GB;1 GB RAM;5 MP| autofocus| LED flash;5 MP;Yes;Yes;Yes;4.0| A2DP;Yes with A-GPS;;FM radio;microUSB 2.0;Accelerometer| proximity;Removable Li-Ion 2000 mAh battery;Mystic Black| Pure White;110;http://cdn2.gsmarena.com/vv/bigpic/acer-liquid-z320-z330.jpg
Acer;Liquid Z320;GSM / HSPA;GSM 850 / 900 / 1800 / 1900 - SIM 1 & SIM 2 (dual-SIM model only); HSDPA;;HSPA 42.2/5.76 Mbps;Yes;Yes;2015  September;Available. Released 2015  November;136 x 66.5 x 9.6 mm (5.35 x 2.62 x 0.38 in);142;5.01;Single SIM (Micro-SIM) or Dual SIM (Micro-SIM| dual stand-by);IPS LCD capacitive touchscreen  16M colors;4.5 inches (~61.7% screen-to-body ratio);480 x 854 pixels (~218 ppi pixel density);Android 5.1 (Lollipop);Quad-core 1.0 GHz Cortex-A7;Qualcomm MSM8909 Snapdragon 210;Adreno 304;microSD (dedicated slot);8 GB;1 GB RAM;5 MP| autofocus| LED flash;2 MP;Yes;Yes;Yes;4.0| A2DP;Yes with A-GPS;;FM radio;microUSB 2.0;Accelerometer| proximity;Removable Li-Po 2000 mAh battery;Pure White;90;http://cdn2.gsmarena.com/vv/bigpic/acer-liquid-z320-z330.jpg
Acer;Liquid Z630S;GSM / HSPA / LTE;GSM 850 / 900 / 1800 / 1900 - SIM 1 & SIM 2 (dual-SIM model only);HSDPA 900 / 1900 / 2100 ; LTE;HSPA  LTE;Yes;Yes;2015  September;Available. Released 2015  September;156.3 x 77.5 x 8.9 mm (6.15 x 3.05 x 0.35 in);165;5.82;Single SIM (Micro-SIM) or Dual SIM (Micro-SIM| dual stand-by);IPS LCD capacitive touchscreen  16M colors;5.5 inches (~68.8% screen-to-body ratio);720 x 1280 pixels (~267 ppi pixel density);Android 5.1 (Lollipop);Octa-core 1.3 GHz Cortex-A53;Mediatek MT6753;Mali-T720MP3;microSD (dedicated slot);32 GB;3 GB RAM;8 MP| autofocus| LED flash;8 MP;Yes;Yes;Wi-Fi 802.11 b/g/n| hotspot;4.0| A2DP;Yes with A-GPS;;FM radio;microUSB 2.0| USB On-The-Go;Accelerometer| proximity| compass;Removable Li-Po 4000 mAh battery (15.2 Wh);Black| Gold;;http://cdn2.gsmarena.com/vv/bigpic/acer-liquid-z630.jpg
Acer;Liquid Z630;GSM / HSPA / LTE;GSM 850 / 900 / 1800 / 1900 - SIM 1 & SIM 2 (dual-SIM model only); HSDPA; LTE;HSPA  LTE;Yes;Yes;2015  September;Available. Released 2015  September;156.3 x 77.5 x 8.9 mm (6.15 x 3.05 x 0.35 in);165;5.82;Single SIM (Micro-SIM) or Dual SIM (Micro-SIM| dual stand-by);IPS LCD capacitive touchscreen  16M colors;5.5 inches (~68.8% screen-to-body ratio);720 x 1280 pixels (~267 ppi pixel density);Android 5.1 (Lollipop);Quad-core 1.3 GHz Cortex-A53;Mediatek MT6735;Mali-T720MP2;microSD (dedicated slot);8 GB;1 GB RAM;8 MP| autofocus| LED flash;8 MP;Yes;Yes;Yes;4.0| A2DP;Yes with A-GPS;;FM radio;microUSB 2.0| USB On-The-Go;Accelerometer| proximity| compass;Removable Li-Ion 4000 mAh battery;Black;200;http://cdn2.gsmarena.com/vv/bigpic/acer-liquid-z630.jpg
Acer;Liquid Z530S;GSM / HSPA / LTE;GSM 850 / 900 / 1800 / 1900 - SIM 1 & SIM 2 (dual-SIM model only); HSDPA; LTE;HSPA  LTE;Yes;Yes;2015  September;Available. Released 2015  November;144 x 70.3 x 8.9 mm (5.67 x 2.77 x 0.35 in);145;5.11;Single SIM (Micro-SIM) or Dual SIM (Micro-SIM| dual stand-by);IPS LCD capacitive touchscreen  16M colors;5.0 inches (~68.1% screen-to-body ratio);720 x 1280 pixels (~294 ppi pixel density);Android 5.1 (Lollipop);Octa-core 1.3 GHz Cortex-A53;Mediatek MT6753;Mali-T720MP3;microSD (dedicated slot);32 GB;3 GB RAM;8 MP| autofocus| LED flash;8 MP;Yes;Yes;Yes;4.0| A2DP;Yes with A-GPS;;FM radio;microUSB 2.0;Accelerometer| proximity;Removable Li-Ion 2420 mAh battery;Black| White;;http://cdn2.gsmarena.com/vv/bigpic/acer-liquid-z530.jpg
Acer;Liquid Z530;GSM / HSPA / LTE;GSM 850 / 900 / 1800 / 1900 - SIM 1 & SIM 2 (dual-SIM model only); HSDPA; LTE;HSPA  LTE;Yes;Yes;2015  September;Available. Released 2015  October;144 x 70.3 x 8.9 mm (5.67 x 2.77 x 0.35 in);145;5.11;Single SIM (Micro-SIM) or Dual SIM (Micro-SIM| dual stand-by);IPS LCD capacitive touchscreen  16M colors;5.0 inches (~68.1% screen-to-body ratio);720 x 1280 pixels (~294 ppi pixel density);Android 5.1 (Lollipop);Quad-core 1.3 GHz Cortex-A53;Mediatek MT6735;Mali-T720MP2;microSD (dedicated slot);8 GB;1 GB RAM;8 MP| autofocus| LED flash;8 MP;Yes;Yes;Yes;4.0| A2DP;Yes with A-GPS;;FM radio;microUSB 2.0;Accelerometer| proximity;Removable Li-Ion 2420 mAh battery;Black| White;150;http://cdn2.gsmarena.com/vv/bigpic/acer-liquid-z530.jpg
Acer;Liquid M330;GSM / HSPA / LTE;GSM 850 / 900 / 1800 / 1900 - SIM 1 & SIM 2 (dual-SIM model only); HSDPA; LTE;HSPA  LTE;Yes;Yes;2015  September;Available. Released 2015  November;136 x 66.5 x 9.6 mm (5.35 x 2.62 x 0.38 in);142;5.01;Single SIM (Micro-SIM) or Dual SIM (Micro-SIM| dual stand-by);IPS LCD capacitive touchscreen  16M colors;4.5 inches (~61.7% screen-to-body ratio);480 x 854 pixels (~218 ppi pixel density);Microsoft Windows 10;Quad-core 1.0 GHz Cortex-A7;Qualcomm MSM8909 Snapdragon 210;Adreno 304;microSD (dedicated slot);8 GB;1 GB RAM;5 MP| autofocus| LED flash;5 MP;Yes;Yes;Yes;4.0| A2DP;Yes with A-GPS;;FM radio;microUSB 2.0;Accelerometer| proximity;Removable Li-Ion 2000 mAh battery;Mystic Black| Pure White;;http://cdn2.gsmarena.com/vv/bigpic/acer-liquid-m320-m330.jpg
Acer;Liquid M320;GSM / HSPA;GSM 850 / 900 / 1800 / 1900 - SIM 1 & SIM 2 (dual-SIM model only); HSDPA;;HSPA 42.2/5.76 Mbps;Yes;Yes;2015  September;Available. Released 2015  November;136 x 66.5 x 9.6 mm (5.35 x 2.62 x 0.38 in);142;5.01;Single SIM (Micro-SIM) or Dual SIM (Micro-SIM| dual stand-by);IPS LCD capacitive touchscreen  16M colors;4.5 inches (~61.7% screen-to-body ratio);480 x 854 pixels (~218 ppi pixel density);Microsoft Windows 10;Quad-core 1.1 GHz Cortex-A7;Qualcomm MSM8909 Snapdragon 210;Adreno 304;microSD (dedicated slot);8 GB;1 GB RAM;5 MP| autofocus| LED flash;2 MP;Yes;Yes;Yes;4.0| A2DP;Yes with A-GPS;;FM radio;microUSB 2.0;Accelerometer| proximity;Removable Li-Ion 2000 mAh battery;Mystic Black| Pure White;;http://cdn2.gsmarena.com/vv/bigpic/acer-liquid-m320-m330.jpg
Acer;Iconia Tab 10 A3-A30;No cellular connectivity; N/A;;;;No;No;2015  April;Available. Released 2015  June;260 x 176 x 9.7 mm (10.24 x 6.93 x 0.38 in);540;1.19;No;LED-backlit IPS LCD capacitive touchscreen  16M colors;10.1 inches (~64.6% screen-to-body ratio);1920 x 1200 pixels (~224 ppi pixel density);Android 5.0 (Lollipop);Quad-core 1.33 GHz;Intel Atom Z3735F;;microSD  up to 256 GB (dedicated slot);16/32/64 GB;2 GB RAM;5 MP;2 MP;Yes with stereo speakers;Yes;Wi-Fi 802.11 a/b/g/n/ac| dual-band| hotspot;4.0| A2DP;A-GPS only;Yes;No;microUSB 2.0;Accelerometer;Non-removable Li-Ion 5910 mAh battery (22 Wh);Various;250;http://cdn2.gsmarena.com/vv/bigpic/acer-iconia-tab-10-a3-a30-new.png
Acer;Iconia One 8 B1-820;No cellular connectivity; N/A;;;;No;No;2015  April;Available. Released 2015  May;213.9 x 127.7 x 9.5 mm (8.42 x 5.03 x 0.37 in);355;12.52;No;IPS LCD capacitive touchscreen;8.0 inches (~67.9% screen-to-body ratio);800 x 1280 pixels (~189 ppi pixel density);Android 5.0 (Lollipop);Quad-core 1.33 GHz;Intel Atom Z3735G;;microSD  up to 32 GB (dedicated slot);16/32 GB;1 GB RAM;5 MP;VGA;Yes with stereo speakers;Yes;Wi-Fi 802.11 b/g/n;4.0| A2DP;Yes with A-GPS GLONASS;;No;microUSB 2.0;Accelerometer;Non-removable Li-Ion 4550 mAh battery (17.2 Wh);Various;180;http://cdn2.gsmarena.com/vv/bigpic/acer-iconia-one-8-b1-820.jpg
Acer;Iconia Tab A3-A20;No cellular connectivity; N/A;;;;No;No;2014  October;Available. Released 2014  October;256.5 x 170.2 x 10.2 mm (10.10 x 6.70 x 0.40 in);508;1.12;No;LED-backlit IPS LCD capacitive touchscreen  16M colors;10.1 inches (~67.8% screen-to-body ratio);1280 x 800 pixels (~149 ppi pixel density);Android 4.4 (KitKat);Quad-core 1.3 GHz Cortex-A7;Mediatek MT8127;Mali-450MP4;microSD  up to 256 GB (dedicated slot);16 GB;1 GB RAM;5 MP| autofocus;2 MP;Yes with stereo speakers;Yes;Wi-Fi 802.11 b/g/n| hotspot;4.0| A2DP;A-GPS only;;No;microUSB 2.0;Accelerometer;Non-removable Li-Po 5910 mAh battery (A3-A20-K1AY);Black| White;190;http://cdn2.gsmarena.com/vv/bigpic/acer-a3-20.jpg
Acer;Iconia Tab A3-A20FHD;No cellular connectivity; N/A;;;;No;No;2014  October;Available. Released 2014  October;256.5 x 170.2 x 10.2 mm (10.10 x 6.70 x 0.40 in);508;1.12;No;LED-backlit IPS LCD capacitive touchscreen  16M colors;10.1 inches (~67.8% screen-to-body ratio);1920 x 1200 pixels (~224 ppi pixel density);Android 4.4 (KitKat);Quad-core 1.5 GHz Cortex-A7;Mediatek MT8127;Mali-450MP4;microSD  up to 256 GB (dedicated slot);32 GB;2 GB RAM;5 MP| autofocus;2 MP;Yes with stereo speakers;Yes;Wi-Fi 802.11 b/g/n| hotspot;4.0| A2DP;A-GPS only;;No;microUSB 2.0;Accelerometer;Non-removable Li-Po 5910 mAh battery (A3-A20FHD-K8KX);Black| White;230;http://cdn2.gsmarena.com/vv/bigpic/acer-a3-20.jpg
Acer;Liquid Jade Z;GSM / HSPA / LTE;GSM 850 / 900 / 1800 / 1900 - SIM 1 & SIM 2;HSDPA 900 / 2100 ;LTE band 1(2100)| 3(1800)| 7(2600)| 20(800);HSPA 21.1/5.76 Mbps  LTE Cat4 150/50 Mbps;Yes;Yes;2015  March;Available. Released 2015  April;143.5 x 69.8 x 8 mm (5.65 x 2.75 x 0.31 in);110;3.88;Dual SIM (Nano-SIM| dual stand-by);IPS LCD capacitive touchscreen  16M colors;5.0 inches (~68.8% screen-to-body ratio);720 x 1280 pixels (~294 ppi pixel density);Android 5.0 (Lollipop);Quad-core 1.5 GHz Cortex-A53;Mediatek MT6732;Mali-T760MP2;microSD  up to 32 GB (uses SIM 2 slot);8 GB;1 GB RAM - Liquid Jade Z;13 MP| f/1.8| autofocus| LED flash;5 MP;Yes;Yes;Wi-Fi 802.11 b/g/n| hotspot;4.0| A2DP| EDR;Yes with A-GPS;;FM radio;microUSB 2.0;Accelerometer| gyro| proximity| compass;Non-removable Li-Po 2300 mAh battery;Black| White;200;http://cdn2.gsmarena.com/vv/bigpic/acer-liquid-jade-z.jpg
Acer;Liquid Z520;GSM / HSPA;GSM 850 / 900 / 1800 / 1900 - SIM 1 & SIM 2 (dual-SIM model only);HSDPA 900 / 2100 ;;HSPA;Yes;Yes;2015  March;Available. Released 2015  April;154 x 86 x 6.4 mm (6.06 x 3.39 x 0.25 in);118;4.16;Single SIM (Micro-SIM) or Dual SIM (Micro-SIM| dual stand-by);TFT capacitive touchscreen;5.0 inches (~57.1% screen-to-body ratio);480 x 854 pixels (~187 ppi pixel density);Android 4.4.2 (KitKat);Quad-core 1.3 GHz Cortex-A7;Mediatek MT6582M;Mali-400MP2;microSD  up to 32 GB (dedicated slot);8 GB;1 GB RAM;8 MP| autofocus| LED flash;2 MP;Yes;Yes;Wi-Fi 802.11 b/g/n| hotspot;4.0| A2DP;Yes with A-GPS;;FM radio;microUSB 2.0;Accelerometer| proximity;Removable Li-Po 2000 mAh battery;Black| White;130;http://cdn2.gsmarena.com/vv/bigpic/acer-liquid-z520.jpg
Acer;Liquid Z220;GSM / HSPA;GSM 850 / 900 / 1800 / 1900 - SIM 1 & SIM 2 (dual-SIM model only);HSDPA 900 / 2100 ;;HSPA;Yes;Yes;2015  March;Available. Released 2015  April;125.3 x 64 x 9.6 mm (4.93 x 2.52 x 0.38 in);120;4.23;Single SIM (Mini-SIM) or Dual SIM (Mini-SIM/Micro-SIM| dual stand-by);Capacitive touchscreen;4.0 inches (~56.8% screen-to-body ratio);480 x 800 pixels (~233 ppi pixel density);Android 5.0 (Lollipop);Dual-core 1.2 GHz Cortex-A7;Qualcomm Snapdragon 200;Adreno 302;microSD  up to 32 GB (dedicated slot);8 GB;1 GB RAM;5 MP| autofocus| LED flash;2 MP;Yes;Yes;Wi-Fi 802.11 b/g/n| hotspot;4.0| A2DP;Yes with A-GPS;;FM radio;microUSB 2.0;Accelerometer;Removable Li-Ion 1300 mAh battery;Black| White;90;http://cdn2.gsmarena.com/vv/bigpic/acer-liquid-z220.jpg
Acer;Liquid M220;GSM / HSPA;GSM 850 / 900 / 1800 / 1900 - SIM 1 & SIM 2 (dual-SIM model only);HSDPA 900 / 2100 ;;HSPA 21.1/5.76 Mbps;Yes;Yes;2015  March;Available. Released 2015  May;124.9 x 64 x 9.6 mm (4.92 x 2.52 x 0.38 in);119;4.20;Single SIM (Mini-SIM) or Dual SIM (Mini-SIM/Micro-SIM| dual stand-by);TFT capacitive touchscreen;4.0 inches (~57.0% screen-to-body ratio);480 x 800 pixels (~233 ppi pixel density);Microsoft Windows Phone 8.1;Dual-core 1.2 GHz Cortex-A7;Qualcomm MSM8210 Snapdragon 200;Adreno 302;microSD  up to 32 GB (dedicated slot);4 GB;512 MB RAM - Liquid M220;5 MP| autofocus| LED flash;2 MP;Yes;Yes;Wi-Fi 802.11 b/g/n| hotspot;4.0| A2DP;Yes with A-GPS;;FM radio;microUSB 2.0;Accelerometer| proximity;Removable Li-Ion 1300 mAh battery;Mystic Black| Pure White;80;http://cdn2.gsmarena.com/vv/bigpic/acer-liquid-m220.jpg
Acer;Liquid Z410;GSM / HSPA / LTE;GSM 850 / 900 / 1800 / 1900 - SIM 1 & SIM 2 (dual-SIM model only);HSDPA 900 / 2100 ;LTE band 1(2100)| 3(1800)| 7(2600)| 20(800);HSPA  LTE Cat4 150/50 Mbps;Yes;Yes;2015  January;Available. Released 2015  February;136 x 66.7 x 9.9 mm (5.35 x 2.63 x 0.39 in);145;5.11;Single SIM (Micro-SIM) or Dual SIM (Micro-SIM| dual stand-by);IPS LCD capacitive touchscreen  16M colors;4.5 inches (~61.5% screen-to-body ratio);540 x 960 pixels (~245 ppi pixel density);Android 4.4.4 (KitKat);Quad-core 1.3 GHz Cortex-A53;Mediatek MT6732M;Mali-T760MP2;microSD  up to 32 GB (dedicated slot);8 GB;1 GB RAM;5 MP| autofocus| LED flash;2 MP;Yes dual speakers;Yes;Wi-Fi 802.11 b/g/n| hotspot;4.0| A2DP;Yes with A-GPS;;FM radio;microUSB 2.0;Accelerometer| proximity;Removable Li-Po 2000 mAh battery;Black;130;http://cdn2.gsmarena.com/vv/bigpic/acer-liquid-z410.jpg
Acer;Liquid Jade S;GSM / HSPA / LTE;GSM 850 / 900 / 1800 / 1900 - SIM 1 & SIM 2;HSDPA 900 / 2100 ;LTE band 3(1800)| 8(900)| 28(700) - Taiwan;HSPA 21.1/5.76 Mbps  LTE Cat4 150/50 Mbps;Yes;Yes;2014  December;Available. Released 2014  December;143 x 69 x 7.8 mm (5.63 x 2.72 x 0.31 in);116;4.09;Dual SIM (Nano-SIM| dual stand-by);IPS LCD capacitive touchscreen  16M colors;5.0 inches (~69.8% screen-to-body ratio);720 x 1280 pixels (~294 ppi pixel density);Android 4.4.4 (KitKat)| upgradable to 5.1 (Lollipop);Octa-core 1.5 GHz Cortex-A53;Mediatek MT6752M;Mali-T760MP2;microSD  up to 32 GB (uses SIM 2 slot);16 GB;2 GB RAM;13 MP| f/1.8| autofocus| LED flash| ;5 MP| f/2.2;Yes;Yes;Wi-Fi 802.11 b/g/n| hotspot;4.0| A2DP| EDR;Yes with A-GPS;;FM radio;microUSB 2.0;Accelerometer| proximity| compass;Non-removable Li-Ion 2300 mAh battery;Black| White| Red| Pink;200;http://cdn2.gsmarena.com/vv/bigpic/acer-liquid-jade-s-s56.jpg
Acer;Liquid Z500;GSM / HSPA;GSM 850 / 900 / 1800 / 1900 - SIM 1 & SIM 2 (dual-SIM model only);HSDPA 900 / 2100 ;;HSPA;Yes;Yes;2014  September;Available. Released 2014  Septeber;145 x 73 x 8.8 mm (5.71 x 2.87 x 0.35 in);150;5.29;Single SIM (Micro-SIM) or Dual SIM (Micro-SIM| dual stand-by);IPS LCD capacitive touchscreen  16M colors;5.0 inches (~65.1% screen-to-body ratio);720 x 1280 pixels (~294 ppi pixel density);Android 4.4.2 (KitKat);Quad-core 1.3 GHz Cortex-A7;Mediatek MT6582;Mali-400MP2;microSD  up to 32 GB (dedicated slot);4 GB;1 GB RAM;8 MP| autofocus| LED flash;2 MP;Yes with stereo speakers;Yes;Wi-Fi 802.11 b/g/n| hotspot;4.0| A2DP| EDR;Yes with A-GPS;;FM radio;microUSB 2.0;Accelerometer| proximity;Non-removable Li-Ion 2000 mAh battery;Aquamarine Green| Sandy Silver| Titanium Black;150;http://cdn2.gsmarena.com/vv/bigpic/acer-liquid-z5.jpg
Acer;Liquid X1;GSM / HSPA / LTE;GSM 850 / 900 / 1800 / 1900 ;HSDPA 900 / 2100 ;LTE band 3(1800)| 7(2600);HSPA  LTE;Yes;Yes;2014  June;Available. Released 2014  September;153.3 x 80.4 x 8.5 mm (6.04 x 3.17 x 0.33 in);164;5.78;Micro-SIM;IPS LCD capacitive touchscreen  16M colors;5.7 inches (~72.7% screen-to-body ratio);720 x 1280 pixels (~258 ppi pixel density);Android 4.4.2 (KitKat);Octa-core 1.7 GHz Cortex-A7;Mediatek MT6592;Mali-450MP4;microSD  up to 32 GB (dedicated slot);16 GB;2 GB RAM;13 MP| autofocus| LED flash;2 MP;Yes;Yes;Wi-Fi 802.11 b/g/n| hotspot;4.0| A2DP;Yes with A-GPS;;FM radio;microUSB 2.0;Accelerometer| proximity| compass;Removable Li-Ion 2700 mAh battery;Graphite black| Wine red;260;http://cdn2.gsmarena.com/vv/bigpic/acer-liquid-x1.jpg
Acer;Liquid Jade;GSM / HSPA;GSM 850 / 900 / 1800 / 1900 - SIM 1 & SIM 2;HSDPA 900 / 2100 ;;HSPA;Yes;Yes;2014  June;Available. Released 2014  July;140.5 x 69 x 7.5 mm (5.53 x 2.72 x 0.30 in);110;3.88;Dual SIM (Micro-SIM| dual stand-by);IPS LCD capacitive touchscreen  16M colors;5.0 inches (~71.1% screen-to-body ratio);720 x 1280 pixels (~294 ppi pixel density);Android 4.4.2 (KitKat);Quad-core 1.3 GHz Cortex-A7;Mediatek MT6582;Mali-400MP2;microSD  up to 32 GB (uses SIM 2 slot);8 GB;1 GB RAM - Liquid Jade;13 MP| autofocus| LED flash;2 MP;Yes;Yes;Wi-Fi 802.11 b/g/n| hotspot;4.0| A2DP;Yes with A-GPS;;FM radio;microUSB 2.0;Accelerometer| proximity| compass;Non-removable Li-Ion 2100 mAh battery;Black| White| Green| Pink| Gray;180;http://cdn2.gsmarena.com/vv/bigpic/acer-liquid-jade.jpg
Acer;Liquid E700;GSM / HSPA;GSM 850 / 900 / 1800 / 1900 - SIM 1 & SIM 2 & SIM 3;HSDPA 850 / 900 / 1900 / 2100 ;;HSPA;Yes;Yes;2014  June;Available. Released 2014  August;147.3 x 73 x 9.9 mm (5.80 x 2.87 x 0.39 in);155;5.47;Triple SIM (Micro-SIM);IPS LCD capacitive touchscreen  16M colors;5.0 inches (~64.1% screen-to-body ratio);720 x 1280 pixels (~294 ppi pixel density);Android 4.4.2 (KitKat);Quad-core 1.2 GHz Cortex-A7;Mediatek MT6582;Mali-400MP2;microSD  up to 32 GB (dedicated slot);16 GB;2 GB RAM or 4 GB| 1 GB RAM;8 MP| autofocus| LED flash;2 MP| LED flash;Yes with stereo speakers;Yes;Wi-Fi 802.11 b/g/n| hotspot;4.0| A2DP;Yes with A-GPS;;FM radio;microUSB 2.0;Accelerometer| proximity;Non-removable Li-Ion 3500 mAh battery;Titan Black| Burgundy Red;200;http://cdn2.gsmarena.com/vv/bigpic/acer-liquid-e700.jpg
Acer;Liquid E600;GSM / HSPA / LTE;GSM 850 / 900 / 1800 / 1900 ;HSDPA 900 / 2100 ;LTE band 1(2100)| 3(1800)| 7(2600)| 20(800);HSPA 21.1/5.76 Mbps  LTE Cat4 150/50 Mbps;Yes;Yes;2014  June;Available. Released 2014  September;147 x 72 x 9.5 mm (5.79 x 2.83 x 0.37 in);155;5.47;Micro-SIM;IPS LCD capacitive touchscreen  16M colors;5.0 inches (~65.1% screen-to-body ratio);480 x 854 pixels (~196 ppi pixel density);Android 4.4.2 (KitKat);Quad-core 1.2 GHz Cortex-A7;Qualcomm MSM8926 Snapdragon 400;Adreno 305;microSD  up to 32 GB (dedicated slot);4 GB;1 GB RAM;8 MP| autofocus| LED flash;2 MP or VGA;Yes with stereo speakers;Yes;Wi-Fi 802.11 b/g/n| hotspot;4.0| A2DP;Yes with A-GPS;;To be confirmed;microUSB 2.0;Accelerometer| proximity;Non-removable Li-Ion 2500 mAh battery;Black| Green| Dark red;200;http://cdn2.gsmarena.com/vv/bigpic/acer-liquid-e600-1.jpg
Acer;Liquid Z200;GSM / HSPA;GSM 850 / 900 / 1800 / 1900 - SIM 1 & SIM 2 (dual-SIM model only);HSDPA 900 / 2100 ;;HSPA;Yes;Yes;2014  June;Available. Released 2014  September;126 x 65 x 10.3 mm (4.96 x 2.56 x 0.41 in);130;4.59;Single SIM (Mini-SIM) or Dual SIM (Mini-SIM/Micro-SIM| dual stand-by);TFT capacitive touchscreen;4.0 inches (~55.6% screen-to-body ratio);480 x 800 pixels (~233 ppi pixel density);Android 4.4.2 (KitKat);Dual-core 1.0 GHz Cortex-A7;Mediatek MT6572M;Mali-400;microSD  up to 32 GB (dedicated slot);4 GB;512 MB RAM;2 MP;No;Yes;Yes;Wi-Fi 802.11 b/g/n| hotspot;4.0| A2DP;Yes with A-GPS;;FM radio;microUSB 2.0;Accelerometer;Removable Li-Ion 1300 mAh battery;Titanium Black| Essential White| Fragrant Pink| Sky Blue| Sunshine Yellow;90;http://cdn2.gsmarena.com/vv/bigpic/acer-liquid-z200.jpg
Acer;Iconia Tab 8 A1-840FHD;No cellular connectivity; N/A;;;;No;No;2014  June;Available. Released 2014  September;215 x 130 x 8.5 mm (8.46 x 5.12 x 0.33 in);360;12.70;No;IPS LCD capacitive touchscreen  16M colors;8.0 inches (~66.4% screen-to-body ratio);1200 x 1920 pixels (~283 ppi pixel density);Android 4.4.2 (KitKat);Quad-core 1.86 GHz;Intel Atom Z3745;Intel Gen 7 (Ivy Bridge);microSD  up to 32 GB (dedicated slot);16/32 GB;2 GB RAM;5 MP;2 MP;Yes;Yes;Wi-Fi 802.11 a/b/g/n| dual-band;4.0| A2DP;Yes GLONASS;;No;microUSB 2.0;Accelerometer;Non-removable Li-Ion 4600 mAh battery;Silver;200;http://cdn2.gsmarena.com/vv/bigpic/acer-iconia-tab-8-2014-1.jpg
Acer;Iconia Tab 7 A1-713;GSM / HSPA;GSM 850 / 900 / 1800 / 1900 N/A; HSDPA;;HSPA;Yes;Yes;2014  April;Available. Released 2014  August;8.9 mm thickness;298;10.51;Yes;TFT capacitive touchscreen;7.0 inches (~64.5% screen-to-body ratio);600 x 1024 pixels (~170 ppi pixel density);Android 4.2.2 (Jelly Bean)| planned upgrade to 4.4.2 (KitKat);Quad-core;;;microSD  up to 32 GB (dedicated slot);16 GB;1 GB RAM;2 MP;Yes;Yes;Yes;Wi-Fi 802.11 b/g/n;Yes;Yes;;No;microUSB 2.0;Accelerometer;Non-removable Li-Ion battery;Black;110;http://cdn2.gsmarena.com/vv/bigpic/acer-iconia-tab-7.jpg
Acer;Iconia Tab 7 A1-713HD;GSM / HSPA;GSM 850 / 900 / 1800 / 1900 N/A; HSDPA;;HSPA;Yes;Yes;2014  April;Available. Released 2014  August;8.9 mm thickness;298;10.51;Yes;IPS LCD capacitive touchscreen;7.0 inches (~66.4% screen-to-body ratio);800 x 1280 pixels (~216 ppi pixel density);Android 4.4.2 (KitKat);Quad-core;;;microSD  up to 32 GB (dedicated slot);16 GB;1 GB RAM;5 MP;Yes;Yes;Yes;Wi-Fi 802.11 b/g/n;Yes;Yes;;No;microUSB 2.0;Accelerometer;Non-removable Li-Ion battery;Black;150;http://cdn2.gsmarena.com/vv/bigpic/acer-iconia-tab-7.jpg
Acer;Iconia One 7 B1-730;No cellular connectivity; N/A;;;;No;No;2014  April;Available. Released 2014  June;8.9 mm thickness;;;No;IPS LCD capacitive touchscreen;7.0 inches (~66.4% screen-to-body ratio);800 x 1280 pixels (~216 ppi pixel density);Android 4.2.2 (Jelly Bean)| planned upgrade to 4.4.2 (KitKat);Dual-core 1.6 GHz;Intel Atom Z2560;PowerVR SGX544MP2;microSD  up to 32 GB (dedicated slot);8 GB;1 GB RAM;5 MP;Yes;Yes with stereo speakers;Yes;Wi-Fi 802.11 b/g/n;Yes;No;;No;microUSB 2.0;Accelerometer;Non-removable Li-Ion 3700 mAh battery;Red| white| black| blue| pink;90;http://cdn2.gsmarena.com/vv/bigpic/acer-iconia-one-7.jpg
Acer;Liquid E3 Duo Plus;GSM / HSPA;GSM 850 / 900 / 1800 / 1900 - SIM 1 & SIM 2; HSDPA;;HSPA;Yes;Yes;2014  Q3;Available. Released 2014  Q3;138 x 69 x 8.9 mm (5.43 x 2.72 x 0.35 in);;;Dual SIM;IPS LCD capacitive touchscreen  16M colors;4.7 inches (~64.0% screen-to-body ratio);720 x 1280 pixels (~312 ppi pixel density);Android 4.2.2 (Jelly Bean);Quad-core 1.2 GHz Cortex-A7;Mediatek MT6589;PowerVR SGX544;microSD  up to 32 GB (dedicated slot);16 GB;2 GB RAM;13 MP| autofocus| LED flash;2 MP| LED flash;Yes;Yes;Yes;4.0| A2DP;Yes with A-GPS GLONASS;;To be confirmed;microUSB 2.0;Accelerometer| proximity;Non-removable Li-Ion battery;Black;240;http://cdn2.gsmarena.com/vv/bigpic/acer-liquid-e3-plus.jpg
Acer;Liquid E3;GSM / HSPA;GSM 850 / 900 / 1800 / 1900 - SIM 1 & SIM 2 (dual-SIM model only); HSDPA;;HSPA;Yes;Yes;2014  February;Available. Released 2014  April;136 x 68 x 9 mm (5.35 x 2.68 x 0.35 in);134;4.73;Single SIM (Micro-SIM) or Dual SIM (Micro-SIM| dual stand-by);IPS LCD capacitive touchscreen  16M colors;4.7 inches (~65.8% screen-to-body ratio);720 x 1280 pixels (~312 ppi pixel density);Android 4.2.2 (Jelly Bean);Quad-core 1.2 GHz Cortex-A7;Mediatek MT6589;PowerVR SGX544;microSD  up to 32 GB (dedicated slot);4 GB;1 GB RAM;13 MP| autofocus| LED flash;2 MP| LED flash;Yes;Yes;Yes;Yes;Yes with A-GPS GLONASS;;To be confirmed;microUSB 2.0;Accelerometer| proximity;Non-removable Li-Ion battery;Black/White;200;http://cdn2.gsmarena.com/vv/bigpic/acer-liquid-e3-new.jpg
Acer;Liquid Z4;GSM / HSPA;GSM 850 / 900 / 1800 / 1900 - SIM 1 & SIM 2 (dual-SIM model only); HSDPA;;HSPA;Yes;Yes;2014  February;Available. Released 2014  April;124 x 64 x 9.7 mm (4.88 x 2.52 x 0.38 in);122;4.30;Single SIM (Micro-SIM) or Dual SIM (Micro-SIM| dual stand-by);TFT capacitive touchscreen;4.0 inches (~57.4% screen-to-body ratio);480 x 800 pixels (~233 ppi pixel density);Android 4.2.2 (Jelly Bean);Dual-core 1.3 GHz Cortex-A7;Mediatek MT6572;Mali-400;microSD (dedicated slot);4 GB;512 MB RAM;5 MP| autofocus| LED flash;1.3 MP;Yes;Yes;Yes;4.0| A2DP;No;;No;microUSB 2.0;Accelerometer| proximity;Removable Li-Ion 1630 mAh battery;Black/White;100;http://cdn2.gsmarena.com/vv/bigpic/acer-liquid-z4.jpg
Acer;Iconia B1-721;GSM / HSPA;GSM 850 / 900 / 1800 / 1900 ; HSDPA;;HSPA;Yes;Yes;2014  January;Available. Released 2014  January;199 x 122.3 x 11.4 mm (7.83 x 4.81 x 0.45 in);323;11.39;Yes;TFT capacitive touchscreen;7.0 inches (~56.7% screen-to-body ratio);600 x 1024 pixels (~170 ppi pixel density);Android 4.2 (Jelly Bean);Dual-core 1.3 GHz Cortex-A7;Mediatek MT8312;Mali-400;microSD  up to 32 GB (dedicated slot);16 GB;1 GB RAM;VGA;No;Yes;Yes;Wi-Fi 802.11 b/g/n;Yes;Yes;;No;microUSB 2.0;Accelerometer;Non-removable Li-Po 2955 mAh battery;Black/Red;130;http://cdn2.gsmarena.com/vv/bigpic/acer-iconia-b1-721.jpg
Acer;Iconia B1-720;No cellular connectivity; N/A;;;;No;No;2014  January;Available. Released 2014  January;198.1 x 121.9 x 10.2 mm (7.80 x 4.80 x 0.40 in);315;11.11;No;TFT capacitive touchscreen;7.0 inches (~57.1% screen-to-body ratio);600 x 1024 pixels (~170 ppi pixel density);Android 4.2 (Jelly Bean);Dual-core 1.3 GHz;Mediatek MT8111;PowerVR SGX531;microSD  up to 32 GB (dedicated slot);8/16 GB;1 GB RAM;VGA;No;Yes;Yes;Wi-Fi 802.11 b/g/n;4.0| A2DP;Yes;;No;microUSB 2.0;Accelerometer;Non-removable Li-Po 2955 mAh battery;Various;100;http://cdn2.gsmarena.com/vv/bigpic/acer-iconia-tab-b1-720.jpg
Acer;Iconia A1-830;No cellular connectivity; N/A;;;;No;No;2014  January;Available. Released 2014  March;203 x 138.4 x 8.2 mm (7.99 x 5.45 x 0.32 in);380;13.40;No;LED-backlit IPS LCD capacitive touchscreen  16M colors;7.9 inches (~68.8% screen-to-body ratio);768 x 1024 pixels (~162 ppi pixel density);Android 4.2 (Jelly Bean);Dual-core 1.6 GHz;Intel Atom Z2560;PowerVR SGX544MP2;microSD  up to 32 GB (dedicated slot);16 GB;1 GB RAM;5 MP| autofocus;2 MP;Yes;Yes;Wi-Fi 802.11 b/g/n;3.0;Yes;;No;microUSB 2.0;Accelerometer;Non-removable Li-Ion 4000 mAh battery;White;130;http://cdn2.gsmarena.com/vv/bigpic/Acer-Iconia-A1-830.jpg
Acer;Liquid Z5;GSM / HSPA;GSM 850 / 900 / 1800 / 1900 - SIM 1 & SIM 2;HSDPA 900 / 2100 ;;HSPA;Yes;Yes;2014  January;Available. Released 2014  January;145.5 x 73.5 x 8.8 mm (5.73 x 2.89 x 0.35 in);150;5.29;Dual SIM;TFT capacitive touchscreen  16M colors;5.0 inches (~64.4% screen-to-body ratio);480 x 854 pixels (~196 ppi pixel density);Android 4.2 (Jelly Bean);Dual-core 1.3 GHz Cortex-A7;Mediatek MT6572;Mali-400;microSD  up to 32 GB (dedicated slot);4 GB;512 MB RAM;5 MP| LED flash;VGA;Yes;Yes;Wi-Fi 802.11 b/g/n| hotspot;3.0| A2DP| EDR;Yes with A-GPS;;FM radio;microUSB 2.0;Accelerometer| proximity;Non-removable Li-Ion 2000 mAh battery;Essential White| Gentle Grey;170;http://cdn2.gsmarena.com/vv/bigpic/acer-liquid-z5.jpg
Acer;Liquid S2;GSM / HSPA / LTE;GSM 850 / 900 / 1800 / 1900 ;HSDPA 900 / 2100 ;LTE band 3(1800)| 7(2600)| 20(800);HSPA 42.2/5.76 Mbps  LTE-A Cat4 150/50 Mbps;Yes;Yes;2013  August;Available. Released 2013  December;166 x 86.2 x 9 mm (6.54 x 3.39 x 0.35 in);229;8.08;Nano-SIM;IPS LCD capacitive touchscreen  16M colors;6.0 inches (~69.0% screen-to-body ratio);1080 x 1920 pixels (~368 ppi pixel density);Android 4.2.2 (Jelly Bean);Quad-core 2.2 GHz Krait 400;Qualcomm MSM8974 Snapdragon 800;Adreno 330;microSD  up to 64 GB (dedicated slot);16 GB;2 GB RAM;13 MP| autofocus| quad-LED (ring) flash;2 MP| 1080p@30fps;Yes with stereo speakers;Yes;Wi-Fi 802.11 a/b/g/n/ac| dual-band| Wi-Fi Direct| DLNA| hotspot;4.0| A2DP;Yes with A-GPS GLONASS;Yes;Stereo FM radio| RDS;microUSB 2.0;Accelerometer| gyro| proximity| compass;Non-removable Li-Po 3300 mAh battery;Black| Red;340;http://cdn2.gsmarena.com/vv/bigpic/acer-liquid-s2.jpg
Acer;Liquid Z3;GSM / HSPA;GSM 900 / 1800 / 1900 ;HSDPA 900 / 2100 ;;HSPA 21.1/5.76 Mbps;Yes;Yes;2013  August;Available. Released 2013  September;109 x 60 x 10.4 mm (4.29 x 2.36 x 0.41 in);120;4.23;Single SIM (Micro-SIM) or Dual SIM (Micro-SIM| dual stand-by);TFT capacitive touchscreen  16M colors;3.5 inches (~55.8% screen-to-body ratio);320 x 480 pixels (~165 ppi pixel density);Android 4.2 (Jelly Bean);Dual-core 1.0 GHz Cortex-A7;Mediatek MT6572;Mali-400;microSD  up to 32 GB (dedicated slot);4 GB;512 MB RAM;3.15 MP;No;Yes;Yes;Wi-Fi 802.11 a/b/g/n| hotspot;3.0| A2DP| EDR;Yes with A-GPS;;Stereo FM radio;microUSB 2.0;Accelerometer| proximity;Removable Li-Ion 1500 mAh battery;Rock Black| Classic White;100;http://cdn2.gsmarena.com/vv/bigpic/acer-liquid-z3.jpg
Acer;Liquid S1;GSM / HSPA;GSM 850 / 900 / 1800 / 1900 - SIM 1 & SIM 2 (dual-SIM model only);HSDPA 900 / 2100 ;;HSPA 42.2/5.76 Mbps;Yes;Yes;2013  June;Available. Released 2013  August;163 x 83 x 9.6 mm (6.42 x 3.27 x 0.38 in);195;6.88;Single SIM (Micro-SIM) or Dual SIM (Micro-SIM| dual stand-by);TFT capacitive touchscreen  16M colors;5.7 inches (~66.2% screen-to-body ratio);720 x 1280 pixels (~258 ppi pixel density);Android 4.2 (Jelly Bean);Quad-core 1.5 GHz Cortex-A7;Mediatek MT6589;PowerVR SGX544;microSD  up to 32 GB (dedicated slot);8 GB;1 GB RAM;8 MP| autofocus| LED flash;2 MP;Yes with stereo speakers;Yes;Wi-Fi 802.11 b/g/n| hotspot;4.0| A2DP| LE;Yes with A-GPS;;FM radio;microUSB 2.0;Accelerometer| gyro| proximity| compass;Removable Li-Po 2400 mAh battery;White| Black;320;http://cdn2.gsmarena.com/vv/bigpic/acer-liquid-s1.jpg
Acer;Iconia Tab A3;GSM / HSPA;GSM 850 / 900 / 1800 / 1900 ;HSDPA 850 / 900 / 1900 / 2100 ;;HSPA 21.1/5.76 Mbps;Yes;Up to 236.8 kbps;2013  September;Available. Released 2013  November;260 x 175 x 10.2 mm (10.24 x 6.89 x 0.40 in);560;1.23;Micro-SIM;LED-backlit IPS LCD capacitive touchscreen  16M colors;10.1 inches (~65.0% screen-to-body ratio);800 x 1280 pixels (~149 ppi pixel density);Android 4.2.2 (Jelly Bean);Quad-core 1.2 GHz Cortex-A7;Mediatek MT8125T - Wi-Fi;PowerVR SGX544;microSD  up to 32 GB (dedicated slot);16/32 GB;1 GB RAM;5 MP;VGA;Yes with stereo speakers;Yes;Wi-Fi 802.11 b/g/n| hotspot;4.0| A2DP;Yes with A-GPS;;No;microUSB 2.0| USB Host;Accelerometer| gyro;Non-removable Li-Po 7300 mAh battery (27 Wh);Black/Silver| White;190;http://cdn2.gsmarena.com/vv/bigpic/acer-iconia-a3-a10.jpg
alcatel;Fire S;GSM / HSPA / LTE;GSM 850 / 900 / 1800 / 1900 ;HSDPA 850 / 900 / 2100 - 6038Y;LTE band 1(2100)| 3(1800)| 7(2600)| 8(900)| 20(800) - 6038X| 6038Y;HSPA 42.2/5.76 Mbps  LTE Cat4 150/50 Mbps;Yes;Yes;2014  February;Cancelled;129.5 x 63.5 x 8.5 mm (5.10 x 2.5 x 0.33 in);126;4.44;Micro-SIM;IPS LCD capacitive touchscreen  16M colors;4.5 inches (~67.9% screen-to-body ratio);540 x 960 pixels (~245 ppi pixel density);Firefox 2.0| upgradable to 2.1;Quad-core 1.2 GHz;;;microSD  up to 32 GB (dedicated slot);4 GB;1 GB RAM;5 MP| autofocus| LED flash;2 MP;Yes;Yes;Wi-Fi 802.11 b/g/n| Wi-Fi Direct| hotspot;4.0| A2DP;Yes with A-GPS;Yes (6038Y model);FM radio| RDS;microUSB 2.0;Accelerometer| proximity| compass;Removable Li-Ion 2000 mAh battery;Black;;http://cdn2.gsmarena.com/vv/bigpic/alcatel-fire-s.jpg
alcatel;Fire E;GSM / HSPA;GSM 850 / 900 / 1800 / 1900 ;HSDPA 900 / 2100 ;;HSPA 42.2/5.76 Mbps;Yes;Yes;2014  February;Available. Released 2014  Q3;129 x 63.5 x 8.2 mm (5.08 x 2.5 x 0.32 in);103;3.63;Yes;IPS LCD capacitive touchscreen  16M colors;4.5 inches (~68.1% screen-to-body ratio);540 x 960 pixels (~245 ppi pixel density);Firefox OS 1.3;Dual-core 1.2 GHz;;;microSD  up to 32 GB (dedicated slot);4 GB;512 MB RAM;5 MP| autofocus| LED flash;VGA;Yes;Yes;Wi-Fi 802.11 b/g/n| Wi-Fi Direct| hotspot;3.0| A2DP;Yes with A-GPS;;FM radio| RDS;microUSB 2.0;Accelerometer| proximity| compass;Removable Li-Ion 1700 mAh battery;Slate| Dark Chocolate| Mozilla Orange;70;http://cdn2.gsmarena.com/vv/bigpic/alcatel-fire-e.jpg
alcatel;Fire C;GSM / HSPA;GSM 850 / 900 / 1800 / 1900 ;HSDPA 900 / 2100 ;;HSPA 21.1/5.76 Mbps;Yes;Yes;2014  February;Available. Released 2014  Q2;112.2 x 62 x 12 mm (4.42 x 2.44 x 0.47 in);100;3.53;Yes;TFT capacitive touchscreen  256K colors;3.5 inches (~52.4% screen-to-body ratio);320 x 480 pixels (~165 ppi pixel density);Firefox OS 1.3;Dual-core 1.2 GHz;;;microSD  up to 32 GB (dedicated slot);4 GB;512 MB RAM;VGA;No;Yes;Yes;Wi-Fi 802.11 b/g/n| hotspot;Yes;Yes with A-GPS;;Stereo FM radio| RDS;microUSB 2.0;Accelerometer| proximity;Removable Li-Ion 1300 mAh battery;Mozilla Orange| White/Bluish Black| White;30;http://cdn2.gsmarena.com/vv/bigpic/alcatel-fire-c.jpg
alcatel;Idol 2 S;GSM / HSPA / LTE;GSM 850 / 900 / 1800 / 1900 ;HSDPA 850 / 900 / 2100 ;LTE band 1(2100)| 3(1800)| 7(2600)| 8(900)| 20(800) - 6050Y;HSPA 42.2/5.76 Mbps  LTE Cat4 150/50 Mbps;Yes;Yes;2014  February;Available. Released 2014  June;136.5 x 69.7 x 7.5 mm (5.37 x 2.74 x 0.30 in);126;4.44;Micro-SIM;IPS LCD capacitive touchscreen  16M colors;5.0 inches (~72.4% screen-to-body ratio);720 x 1280 pixels (~294 ppi pixel density);Android 4.3 (Jelly Bean)| upgradable to 4.4 (KitKat);Quad-core 1.2 GHz;;;microSD  up to 32 GB (dedicated slot);8 GB;1 GB RAM;8 MP| autofocus| LED flash;1.3 MP| 720p;Yes;Yes;Wi-Fi 802.11 b/g/n| Wi-Fi Direct| DLNA| hotspot;4.0| A2DP;Yes with A-GPS;Yes;No;microUSB 2.0;Accelerometer| proximity| compass;Non-removable Li-Ion 2150 mAh battery;Slate| Chocolate| White;280;http://cdn2.gsmarena.com/vv/bigpic/alcatel-2s-new.jpg
alcatel;Idol 2;GSM / HSPA;GSM 850 / 900 / 1800 / 1900 ;HSDPA 900 / 2100 ;;HSPA 21.1/5.76 Mbps;Yes;Yes;2014  February;Available. Released 2014  Q2;136 x 70 x 7.3 mm (5.35 x 2.76 x 0.29 in);128;4.52;Single SIM or Dual SIM (dual stand-by);IPS LCD capacitive touchscreen  16M colors;5.0 inches (~72.4% screen-to-body ratio);540 x 960 pixels (~220 ppi pixel density);Android 4.2 (Jelly Bean)| upgradable to 4.4 (KitKat);Quad-core 1.3 GHz;;;microSD  up to 32 GB (dedicated slot) - single-SIM model;8 GB;1 GB RAM (Single SIM)/ 16 GB| 1 GB RAM (Dual SIM);8 MP| autofocus| LED flash;2 MP;Yes;Yes;Wi-Fi 802.11 b/g/n| Wi-Fi Direct| DLNA| hotspot;4.0| A2DP;Yes with A-GPS;Yes;No;microUSB 2.0;Accelerometer| proximity| compass;Non-removable Li-Ion 2000 mAh battery;Slate| Chocolate| White| Hot pink;200;http://cdn2.gsmarena.com/vv/bigpic/alcatel-idol2-new.jpg
alcatel;Idol 2 Mini S;GSM / HSPA / LTE;GSM 850 / 900 / 1800 / 1900 ;HSDPA 850 / 900 / 1900 / 2100 - 6036A| 6036X;LTE band 1(2100)| 2(1900)| 4(1700/2100)| 7(2600)| 17(700) - 6036A;HSPA 21.1/5.76 Mbps  LTE Cat4 150/50 Mbps;Yes;Yes;2014  February;Available. Released 2014  June;129.5 x 63.5 x 8.5 mm (5.10 x 2.5 x 0.33 in);116;4.09;Micro-SIM;IPS LCD capacitive touchscreen  16M colors;4.5 inches (~67.9% screen-to-body ratio);540 x 960 pixels (~245 ppi pixel density);Android 4.3 (Jelly Bean)| upgradable to 4.4 (KitKat);Quad-core 1.2 GHz;;;microSD  up to 32 GB (dedicated slot); 4 GB;1 GB RAM (6036A| 6036X)/ 8 GB| 1 GB RAM (6036Y);8 MP| autofocus| LED flash;2 MP;Yes;Yes;Wi-Fi 802.11 b/g/n| Wi-Fi Direct| DLNA| hotspot;4.0| A2DP;Yes with A-GPS;Yes (6036Y only);Stereo FM radio| RDS;microUSB 2.0;Accelerometer| proximity| compass;Non-removable Li-Ion 2000 mAh battery;Slate| Chocolate| White| Hot pink| Cloudy;200;http://cdn2.gsmarena.com/vv/bigpic/alcatel-idol2-mini-s-new.jpg
alcatel;Idol 2 Mini;GSM / HSPA;GSM 850 / 900 / 1800 / 1900 - SIM 1 & SIM 2 (dual-SIM model only);HSDPA 900 / 2100 - 6016X| 6016D;;HSPA 42.2/5.76 Mbps;Yes;Yes;2014  February;Available. Released 2014  Q2;129 x 63.5 x 7.9 mm (5.08 x 2.5 x 0.31 in);110;3.88;Single SIM (Micro-SIM) or Dual SIM (Micro-SIM| dual stand-by);IPS LCD capacitive touchscreen  16M colors;4.5 inches (~68.1% screen-to-body ratio);540 x 960 pixels (~245 ppi pixel density);Android 4.3 (Jelly Bean)| upgradable to 4.4 (KitKat);Quad-core 1.2 GHz;;;microSD  up to 32 GB (dedicated slot) - single-SIM model;4 GB;1 GB RAM (Single SIM)/ 8 GB| 1 GB RAM (Dual SIM);8 MP| autofocus| LED flash;VGA;Yes;Yes;Wi-Fi 802.11 b/g/n| Wi-Fi Direct| DLNA| hotspot;4.0| A2DP;Yes with A-GPS;;Stereo FM radio| RDS;microUSB 2.0;Accelerometer| proximity| compass;Non-removable Li-Ion 1700 mAh battery;Cloudy| White| Hot Pink| Slate;160;http://cdn2.gsmarena.com/vv/bigpic/alcatel-idol2-mini-new.jpg
alcatel;Pop Fit;GSM / HSPA;GSM 900 / 1800 - 4002X;HSDPA 900 / 2100 - 4002X;;HSPA 21.1/5.76 Mbps;Yes;Yes;2014  February;Cancelled;97 x 56.2 x 12 mm (3.82 x 2.21 x 0.47 in);78;2.75;Yes;TFT capacitive touchscreen  256K colors;2.8 inches (~44.5% screen-to-body ratio);240 x 320 pixels (~143 ppi pixel density);Android 4.2.2 (Jelly Bean);Dual-core 1.0 GHz;;;microSD  up to 32 GB (dedicated slot);4 GB;512 MB RAM;2 MP| LED flash (4002X);No;Yes;Yes;Wi-Fi 802.11 b/g/n| hotspot| Wi-Fi Direct;4.0| A2DP;Yes with A-GPS;Yes (optional);FM radio| RDS;microUSB 2.0;Accelerometer| proximity (4002X);Removable Li-Ion 1000 mAh battery;Red| Hot Pink| Slate| Fresh Turquoise| Flash Yellow;90;http://cdn2.gsmarena.com/vv/bigpic/alcatel-pop-fit-new.jpg
alcatel;2001;GSM;GSM 850 / 1900 - 2001A;;;;Yes;No;2013  November;Available. Released 2013  November;112 x 61.5 x 12.8 mm (4.41 x 2.42 x 0.50 in);89;3.14;Mini-SIM;TFT  256K colors;2.4 inches (~25.9% screen-to-body ratio);240 x 320 pixels (~167 ppi pixel density);;;;;microSD  up to 16 GB (dedicated slot);;;2 MP;No;Yes;Yes;No;3.0| A2DP| EDR;No;;"FM radio| RDS; built-in antenna";microUSB 2.0;;Removable Li-Ion 1000 mAh battery;White| Black;60;http://cdn2.gsmarena.com/vv/bigpic/alcatel-2001-new.jpg
alcatel;2000;GSM;GSM 900 / 1800 - 2000X;;;;Yes;No;2013  November;Available. Released 2013  November;112 x 61.5 x 12.8 mm (4.41 x 2.42 x 0.50 in);89;3.14;Mini-SIM;TFT  256K colors;2.4 inches (~25.9% screen-to-body ratio);240 x 320 pixels (~167 ppi pixel density);;;;;microSD  up to 16 GB (dedicated slot);;;;;Yes;Yes;No;3.0| A2DP| EDR;No;;"FM radio| RDS; built-in antenna";microUSB 2.0;;Removable Li-Ion 1000 mAh battery;White| Black;;http://cdn2.gsmarena.com/vv/bigpic/alcatel-2000.jpg
alcatel;Idol X+;GSM / HSPA;GSM 850 / 900 / 1800 / 1900 - SIM 1 & SIM 2;HSDPA 900 / 2100 ;;HSPA 21.1/5.76 Mbps;Yes;Yes;2014  January;Available. Released 2014  Q2;140.4 x 69.1 x 7.9 mm (5.53 x 2.72 x 0.31 in);125;4.41;Dual SIM (Micro-SIM| dual stand-by);IPS LCD capacitive touchscreen  16M colors;5.0 inches (~71.0% screen-to-body ratio);1080 x 1920 pixels (~441 ppi pixel density);Android 4.2.1 (Jelly Bean)| upgradable to 4.4.4 (KitKat);Octa-core 2.0 GHz Cortex-A7;Mediatek MT6592;Mali-450MP4;No;16 GB/ 32 GB (optional);2 GB RAM;13.1 MP| autofocus| LED flash| ;2 MP| 1080p@30fps;Yes with stereo speakers;Yes;Wi-Fi 802.11 b/g/n| Wi-Fi Direct| DLNA| hotspot;4.0| A2DP;Yes with A-GPS;;FM radio| RDS;microUSB 2.0;Accelerometer| proximity| compass;Non-removable Li-Ion 2500 mAh battery;Black| White;290;http://cdn2.gsmarena.com/vv/bigpic/alcatel-idol-x-plus-new.jpg
alcatel;Pop C9;GSM / HSPA;GSM 850 / 900 / 1800 / 1900 - SIM 1 & SIM 2;HSDPA 900 / 2100 ;;HSPA 21.1/5.76 Mbps;Yes;Yes;2014  January;Available. Released 2014  June;151 x 77.5 x 9.5 mm (5.94 x 3.05 x 0.37 in);189;6.67;Dual SIM| (Micro-SIM| dual stand-by);IPS LCD capacitive touchscreen  16M colors;5.5 inches (~71.3% screen-to-body ratio);540 x 960 pixels (~200 ppi pixel density);Android 4.2 (Jelly Bean);Quad-core 1.3 GHz;;;microSD  up to 32 GB (dedicated slot);4 GB;1 GB RAM;8 MP| autofocus| LED flash;2 MP;Yes;Yes;Wi-Fi 802.11 b/g/n| Wi-Fi Direct| hotspot| DLNA (optional);4.0| A2DP;Yes with A-GPS;;Stereo FM radio| RDS;microUSB 2.0;Accelerometer| proximity;Non-removable Li-Ion 2500 mAh battery;Bluish Black| Cherry Red| Full White| Hot Pink| Fresh Turquoise;140;http://cdn2.gsmarena.com/vv/bigpic/alcatel-c9-new.jpg
